"","AAPL.Open","AAPL.High","AAPL.Low","AAPL.Close","AAPL.Volume","AAPL.Adjusted"
"1",115.800003,116.330002,114.760002,116.150002,28781900,112.140007
"2",115.849998,116.510002,115.75,116.019997,21118100,112.014503
"3",115.919998,116.860001,115.809998,116.610001,22193600,112.584129
"4",116.779999,118.160004,116.470001,117.910004,31751900,113.839249
"5",117.949997,119.43,117.940002,118.989998,33561900,114.88195
"6",118.769997,119.379997,118.300003,119.110001,24462100,114.997818
"7",118.739998,119.93,118.599998,119.75,27588600,115.615723
"8",118.900002,119.300003,118.209999,119.25,27086200,115.132988
"9",119.110001,119.620003,118.809998,119.040001,26111900,114.930237
"10",118.339996,120.239998,118.220001,120,34439800,115.857086
"11",120,120.5,119.709999,119.989998,23713000,115.847435
"12",119.400002,120.089996,119.370003,119.779999,25597300,115.644691
"13",120.449997,120.449997,119.730003,120,32597900,115.857086
"14",120,120.809998,119.769997,120.080002,22050200,115.934326
"15",119.550003,120.099998,119.5,119.970001,23211000,115.828125
"16",120.419998,122.099998,120.279999,121.879997,32377600,117.672188
"17",121.669998,122.440002,121.599998,121.940002,26337600,117.730118
"18",122.139999,122.349998,121.599998,121.949997,20562900,117.739769
"19",120.93,121.629997,120.660004,121.629997,30377500,117.430817
"20",121.150002,121.389999,120.620003,121.349998,49201000,117.160492
"21",127.029999,130.490005,127.010002,128.75,111985000,124.305
"22",127.980003,129.389999,127.779999,128.529999,33710400,124.092606
"23",128.309998,129.190002,128.160004,129.080002,24507300,124.623619
"24",129.130005,130.5,128.899994,130.289993,26845900,125.79184
"25",130.539993,132.089996,130.449997,131.529999,38183800,126.989029
"26",131.350006,132.220001,131.220001,132.039993,23004100,127.481415
"27",131.649994,132.449997,131.119995,132.419998,28349900,128.402603
"28",132.460007,132.940002,132.050003,132.119995,20065500,128.11171
"29",133.080002,133.820007,132.75,133.289993,23035400,129.246201
"30",133.470001,135.089996,133.25,135.020004,33226200,130.923721
"31",135.520004,136.270004,134.619995,135.509995,35623100,131.398834
"32",135.669998,135.899994,134.839996,135.350006,22584600,131.243729
"33",135.100006,135.830002,135.100006,135.720001,22198200,131.602493
"34",136.229996,136.75,135.979996,136.699997,24507200,132.55275
"35",136.429993,137.119995,136.110001,137.110001,20836900,132.950317
"36",137.380005,137.479996,136.300003,136.529999,20788200,132.387909
"37",135.910004,136.660004,135.279999,136.660004,21776600,132.513962
"38",137.139999,137.440002,136.279999,136.929993,20257400,132.775772
"39",137.080002,137.440002,136.699997,136.990005,23482900,132.833969
"40",137.889999,140.149994,137.600006,139.789993,36414600,135.548996
"41",140,140.279999,138.759995,138.960007,26211000,134.744186
"42",138.779999,139.830002,138.589996,139.779999,21108100,135.539307
"43",139.369995,139.770004,138.600006,139.339996,21750000,135.112656
"44",139.059998,139.979996,138.789993,139.520004,17446300,135.287201
"45",138.949997,139.800003,138.820007,139,18707200,134.782974
"46",138.740005,138.789993,137.050003,138.679993,22155900,134.472672
"47",139.25,139.360001,138.639999,139.139999,19612800,134.918732
"48",138.850006,139.429993,138.820007,139.199997,17421700,134.976898
"49",139.300003,139.649994,138.839996,138.990005,15309100,134.773285
"50",139.410004,140.75,139.029999,140.460007,25691800,136.198685
"51",140.720001,141.020004,140.259995,140.690002,19232000,136.421692
"52",141,141,139.889999,139.990005,43885000,135.74295
"53",140.399994,141.5,140.229996,141.460007,21542000,137.168365
"54",142.110001,142.800003,139.729996,139.839996,39529900,135.597504
"55",139.850006,141.600006,139.759995,141.419998,25860200,137.129562
"56",141.259995,141.580002,140.610001,140.919998,20346300,136.644714
"57",141.5,141.740005,140.350006,140.639999,22395600,136.37323
"58",139.389999,141.220001,138.619995,140.880005,23575100,136.605957
"59",140.910004,144.039993,140.619995,143.800003,33374800,139.437347
"60",143.679993,144.490005,143.190002,144.119995,29190000,139.74765
"61",144.190002,144.5,143.5,143.929993,21207300,139.563416
"62",143.720001,144.270004,143.009995,143.660004,19661700,139.301605
"63",143.710007,144.119995,143.050003,143.699997,19985700,139.340393
"64",143.25,144.889999,143.169998,144.770004,19891400,140.37793
"65",144.220001,145.460007,143.809998,144.020004,27717900,139.650681
"66",144.289993,144.520004,143.449997,143.660004,21149000,139.301605
"67",143.729996,144.179993,143.270004,143.339996,16672200,138.991318
"68",143.600006,143.880005,142.899994,143.169998,18933400,138.826462
"69",142.940002,143.350006,140.059998,141.630005,30379400,137.333206
"70",141.600006,142.149994,141.009995,141.800003,20350000,137.498032
"71",141.910004,142.380005,141.050003,141.050003,17822900,136.770782
"72",141.479996,141.880005,140.869995,141.830002,16582100,137.52713
"73",141.410004,142.039993,141.110001,141.199997,14697500,136.916229
"74",141.880005,142,140.449997,140.679993,17328400,136.412003
"75",141.220001,142.919998,141.160004,142.440002,23319600,138.118622
"76",142.440002,142.679993,141.850006,142.270004,17320900,137.953781
"77",143.5,143.949997,143.179993,143.639999,17134300,139.282196
"78",143.910004,144.899994,143.869995,144.529999,18871500,140.145187
"79",144.470001,144.600006,143.380005,143.679993,20041200,139.320984
"80",143.919998,144.160004,143.309998,143.789993,14246300,139.427643
"81",144.089996,144.300003,143.270004,143.649994,20860400,139.291885
"82",145.100006,147.199997,144.960007,146.580002,33602900,142.132996
"83",147.539993,148.089996,146.839996,147.509995,45352200,143.034805
"84",145.589996,147.490005,144.270004,147.059998,45697000,142.59845
"85",146.520004,147.139999,145.809998,146.529999,23371900,142.084518
"86",146.759995,148.979996,146.759995,148.960007,27327700,144.440811
"87",149.029999,153.699997,149.029999,153.009995,48752400,148.36792
"88",153.869995,154.880005,153.449997,153.990005,39130400,149.318192
"89",153.630005,153.940002,152.110001,153.259995,25805700,148.610352
"90",152.449997,154.070007,152.309998,153.949997,27255100,149.895569
"91",154.699997,156.419998,154.669998,156.100006,32527000,151.988968
"92",156.009995,156.649994,155.050003,155.699997,26009700,151.599518
"93",155.940002,156.059998,154.720001,155.470001,20048500,151.375549
"94",153.600006,154.570007,149.710007,150.25,50767700,146.29303
"95",151.270004,153.339996,151.130005,152.539993,33568200,148.522705
"96",153.380005,153.979996,152.630005,153.059998,26960800,149.029007
"97",154,154.580002,152.910004,153.990005,22966400,149.93454
"98",154.899994,154.899994,153.309998,153.800003,19918900,149.749542
"99",153.839996,154.169998,152.669998,153.339996,19178000,149.301636
"100",153.729996,154.350006,153.029999,153.869995,19235600,149.817673
"101",154,154.240005,153.309998,153.610001,21927600,149.564529
"102",153.419998,154.429993,153.330002,153.669998,20126900,149.622955
"103",153.970001,154.169998,152.380005,152.759995,24451200,148.736908
"104",153.169998,153.330002,152.220001,153.179993,16404100,149.145844
"105",153.580002,155.449997,152.889999,155.449997,27770700,151.356079
"106",154.339996,154.449997,153.460007,153.929993,25331700,149.876099
"107",153.899994,155.809998,153.779999,154.449997,26624900,150.382416
"108",155.020004,155.979996,154.479996,155.369995,21069600,151.278198
"109",155.25,155.539993,154.399994,154.990005,21250800,150.908203
"110",155.190002,155.190002,146.020004,148.979996,64882700,145.056458
"111",145.740005,146.089996,142.509995,145.419998,72307300,141.59024
"112",147.160004,147.449997,145.149994,146.589996,34165400,142.729416
"113",147.5,147.5,143.839996,145.160004,31531200,141.337067
"114",143.320007,144.479996,142.210007,144.289993,32165400,140.48996
"115",143.779999,144.5,142.199997,142.270004,50361100,138.523209
"116",143.660004,146.740005,143.660004,146.339996,32541400,142.486008
"117",146.869995,146.869995,144.940002,145.009995,24900100,141.19101
"118",145.520004,146.070007,144.610001,145.869995,21265800,142.028366
"119",145.770004,146.699997,145.119995,145.630005,19106300,141.794708
"120",145.130005,147.160004,145.110001,146.279999,35439400,142.427597
"121",147.169998,148.279999,145.380005,145.820007,25692400,141.979691
"122",145.009995,146.160004,143.619995,143.729996,24761900,139.944733
"123",144.490005,146.110001,143.160004,145.830002,22082400,141.989441
"124",144.710007,145.130005,142.279999,143.679993,31499400,139.896042
"125",144.449997,144.960007,143.779999,144.020004,23024100,140.227097
"126",144.880005,145.300003,143.100006,143.5,14277800,139.720795
"127",143.690002,144.789993,142.720001,144.089996,21569600,140.295242
"128",143.020004,143.5,142.410004,142.729996,24128800,138.971069
"129",142.899994,144.75,142.899994,144.179993,19201700,140.382874
"130",144.110001,145.949997,143.369995,145.059998,21090600,141.2397
"131",144.729996,145.850006,144.380005,145.529999,19781800,141.697327
"132",145.869995,146.179993,144.820007,145.740005,24884500,141.90181
"133",145.5,148.490005,145.440002,147.770004,25199400,143.878342
"134",147.970001,149.330002,147.330002,149.039993,20132100,145.114883
"135",148.820007,150.899994,148.570007,149.559998,23793500,145.62117
"136",149.199997,150.130005,148.669998,150.080002,17868800,146.127518
"137",150.479996,151.419998,149.949997,151.020004,20923000,147.04274
"138",151.5,151.740005,150.190002,150.339996,17243700,146.380661
"139",149.990005,150.440002,148.880005,150.270004,26252600,146.312531
"140",150.580002,152.440002,149.899994,152.089996,21493200,148.084564
"141",151.800003,153.839996,151.800003,152.740005,18853900,148.717453
"142",153.350006,153.929993,153.059998,153.460007,15781000,149.418518
"143",153.75,153.990005,147.300003,150.559998,32476300,146.594864
"144",149.889999,150.229996,149.190002,149.5,17213700,145.562775
"145",149.899994,150.330002,148.130005,148.729996,19845900,144.813034
"146",149.100006,150.220001,148.410004,150.050003,35368600,146.098297
"147",159.279999,159.75,156.160004,157.139999,69936800,153.001572
"148",157.050003,157.210007,155.020004,155.570007,27097300,151.472931
"149",156.070007,157.399994,155.690002,156.389999,20559900,152.271317
"150",157.059998,158.919998,156.669998,158.809998,21870300,154.627609
"151",158.600006,161.830002,158.270004,160.080002,36205900,155.864151
"152",159.259995,161.270004,159.110001,161.059998,26131500,156.818329
"153",159.899994,160,154.630005,155.320007,40804300,151.82338
"154",156.600006,158.570007,156.070007,157.479996,26257100,153.934753
"155",159.320007,160.210007,158.75,159.850006,22122700,156.251419
"156",160.660004,162.199997,160.139999,161.600006,29465500,157.96199
"157",161.940002,162.509995,160.149994,160.949997,27671600,157.326645
"158",160.520004,160.710007,157.839996,157.860001,27940600,154.306213
"159",157.860001,159.5,156.720001,157.5,27428100,153.9543
"160",157.5,157.889999,155.110001,157.210007,26368500,153.670837
"161",158.229996,160,158.020004,159.779999,21604600,156.182968
"162",159.070007,160.470001,158.880005,159.979996,19399100,156.378464
"163",160.429993,160.740005,158.550003,159.270004,19818900,155.684448
"164",159.649994,160.559998,159.270004,159.860001,25480100,156.261154
"165",160.139999,162,159.929993,161.470001,25966000,157.834915
"166",160.100006,163.119995,160,162.910004,29516900,159.242508
"167",163.800003,163.889999,162.610001,163.350006,27269600,159.672623
"168",163.639999,164.520004,163.479996,164,26785100,160.307968
"169",164.800003,164.940002,163.630005,164.050003,16591100,160.356842
"170",163.75,164.25,160.559998,162.080002,29468500,158.431183
"171",162.710007,162.990005,160.520004,161.910004,21651700,158.26503
"172",162.089996,162.240005,160.360001,161.259995,21928500,157.629654
"173",160.860001,161.149994,158.529999,158.630005,28611500,155.058868
"174",160.5,162.050003,159.889999,161.5,31580800,157.864258
"175",162.610001,163.960007,158.770004,160.860001,71714000,157.238647
"176",159.869995,159.960007,157.910004,159.649994,44907400,156.055878
"177",158.990005,159.399994,158.089996,158.279999,23760700,154.716736
"178",158.470001,160.970001,158,159.880005,49114600,156.280716
"179",160.110001,160.5,158,158.669998,28269400,155.097946
"180",159.509995,159.770004,158.440002,158.729996,20810600,155.156601
"181",157.899994,158.259995,153.830002,156.070007,52951400,152.556503
"182",155.800003,155.800003,152.75,153.389999,37511700,149.936829
"183",151.539993,152.270004,150.559998,151.889999,46645400,148.470596
"184",149.990005,151.830002,149.160004,150.550003,44387300,147.160751
"185",151.779999,153.919998,151.690002,153.139999,36660000,149.692444
"186",153.800003,154.720001,153.539993,154.229996,25504200,150.757935
"187",153.889999,154.279999,152.699997,153.279999,22005500,149.829315
"188",153.210007,154.130005,152,154.119995,26299800,150.650375
"189",154.259995,154.449997,152.720001,153.809998,18698800,150.347382
"190",154.009995,155.089996,153.910004,154.479996,16230300,151.002274
"191",153.630005,153.860001,152.460007,153.479996,20163800,150.024796
"192",154.179993,155.440002,154.050003,155.389999,21283800,151.891785
"193",154.970001,155.490005,154.559998,155.300003,17407600,151.803818
"194",155.809998,156.729996,155.490005,155.839996,16262900,152.331665
"195",156.059998,158,155.100006,155.899994,15617000,152.390305
"196",155.970001,156.979996,155.75,156.550003,16905600,153.025696
"197",156.350006,157.369995,155.729996,156,16125100,152.488052
"198",156.729996,157.279999,156.410004,156.990005,16394200,153.455765
"199",157.899994,160,157.649994,159.880005,24121500,156.280716
"200",159.779999,160.869995,159.229996,160.470001,18997300,156.857437
"201",160.419998,160.710007,159.600006,159.759995,16374200,156.163422
"202",156.75,157.080002,155.020004,155.979996,42584200,152.468521
"203",156.610001,157.75,155.960007,156.25,23974100,152.732422
"204",156.889999,157.690002,155.5,156.169998,21984300,152.654221
"205",156.289993,157.419998,156.199997,157.100006,17757200,153.563309
"206",156.910004,157.550003,155.270004,156.410004,21207100,152.88884
"207",157.229996,157.830002,156.779999,157.410004,17000500,153.866302
"208",159.289993,163.600006,158.699997,163.050003,44454200,159.379364
"209",163.889999,168.070007,163.720001,166.720001,44700800,162.966751
"210",167.899994,169.649994,166.940002,169.039993,36046800,165.234512
"211",169.869995,169.940002,165.610001,166.889999,33637800,163.132919
"212",166.600006,168.5,165.279999,168.110001,41393400,164.325455
"213",174,174.259995,171.119995,172.5,59398600,168.616608
"214",172.369995,174.990005,171.720001,174.25,35026300,170.327209
"215",173.910004,175.25,173.600006,174.809998,24361500,170.874619
"216",174.660004,176.240005,174.330002,176.240005,24409500,172.272415
"217",175.110001,176.100006,173.139999,175.880005,29482600,171.920532
"218",175.110001,175.380005,174.270004,174.669998,25145500,171.351532
"219",173.5,174.5,173.399994,173.970001,16982100,170.664841
"220",173.039993,173.479996,171.179993,171.339996,24782500,168.084793
"221",169.970001,170.320007,168.380005,169.080002,29158100,165.867737
"222",171.179993,171.869995,170.300003,171.100006,23637500,167.84938
"223",171.039993,171.389999,169.639999,170.149994,21899500,166.917419
"224",170.289993,170.559998,169.559998,169.979996,16262400,166.750641
"225",170.779999,173.699997,170.779999,173.139999,25131300,169.850601
"226",173.360001,175,173.050003,174.960007,25588900,171.636032
"227",175.100006,175.5,174.649994,174.970001,14026700,171.645859
"228",175.050003,175.080002,173.339996,174.089996,20716800,170.782547
"229",174.300003,174.869995,171.860001,173.070007,26428800,169.781952
"230",172.630005,172.919998,167.160004,169.479996,41666400,166.260147
"231",170.429993,172.139999,168.440002,171.850006,41527200,168.585114
"232",169.949997,171.669998,168.5,171.050003,39759300,167.800308
"233",172.479996,172.619995,169.630005,169.800003,32542400,166.574081
"234",169.059998,171.520004,168.399994,169.639999,27350200,166.417099
"235",167.5,170.199997,166.460007,169.009995,28560000,165.799088
"236",169.029999,170.440002,168.910004,169.320007,25673300,166.103195
"237",170.490005,171,168.820007,169.369995,23355200,166.152222
"238",169.199997,172.889999,168.789993,172.669998,35273800,169.389542
"239",172.149994,172.389999,171.460007,171.699997,19409200,168.437973
"240",172.5,173.539993,172,172.270004,23818400,168.997131
"241",172.399994,173.130005,171.649994,172.220001,20476500,168.948074
"242",173.630005,174.169998,172.460007,173.970001,40169300,170.664841
"243",174.880005,177.199997,174.860001,176.419998,29421100,173.068283
"244",175.029999,175.389999,174.089996,174.539993,27436400,171.224014
"245",174.869995,175.419998,173.25,174.350006,23475600,171.037628
"246",174.169998,176.020004,174.100006,175.009995,20949900,171.685074
"247",174.679993,175.419998,174.5,175.009995,16114600,171.685074
"248",170.800003,171.470001,169.679993,170.570007,33185500,167.329453
"249",170.100006,170.779999,169.710007,170.600006,21498200,167.358871
"250",171,171.850006,170.479996,171.080002,16480200,167.829758
"251",170.520004,170.589996,169.220001,169.229996,25884400,166.014908
"252",170.160004,172.300003,169.259995,172.259995,25555900,168.98732
"253",172.529999,174.550003,171.960007,172.229996,29517900,168.957886
"254",172.539993,173.470001,172.080002,173.029999,22434600,169.742706
"255",173.440002,175.369995,173.050003,175,23660000,171.675278
"256",174.350006,175.610001,173.929993,174.350006,20567800,171.037628
"257",174.550003,175.059998,173.410004,174.330002,21584000,171.018005
"258",173.160004,174.300003,173,174.289993,23959900,170.97876
"259",174.589996,175.490005,174.490005,175.279999,18667700,171.949951
"260",176.179993,177.360001,175.649994,177.089996,25226000,173.725571
"261",177.899994,179.389999,176.139999,176.190002,29565900,172.842682
"262",176.149994,179.25,175.070007,179.100006,34386800,175.697388
"263",179.369995,180.100006,178.25,179.259995,31193400,175.85434
"264",178.610001,179.580002,177.410004,178.460007,32425100,175.06955
"265",177.300003,177.779999,176.600006,177,27108600,173.637283
"266",177.300003,179.440002,176.820007,177.039993,32689100,173.676514
"267",177.25,177.300003,173.199997,174.220001,51105100,170.91008
"268",174.509995,174.949997,170.529999,171.110001,41529000,167.859161
"269",172,172,170.059998,171.509995,39143000,168.251556
"270",170.160004,170.160004,167.070007,167.960007,50640400,164.769012
"271",165.529999,167.369995,164.699997,166.970001,46048200,163.797836
"272",166.869995,168.440002,166.5,167.429993,32478900,164.249084
"273",167.169998,168.619995,166.759995,167.779999,47230800,164.592438
"274",166,166.800003,160.100006,160.5,86593800,157.450745
"275",159.100006,163.880005,156,156.490005,72738500,153.516953
"276",154.830002,163.720001,154,163.029999,68243800,159.932663
"277",163.089996,163.399994,159.070007,159.539993,51608600,156.508972
"278",160.289993,161,155.029999,155.149994,54390500,152.202393
"279",157.070007,157.889999,150.240005,156.410004,70672600,154.064056
"280",158.5,163.889999,157.509995,162.710007,60819500,160.269562
"281",161.949997,164.75,161.649994,164.339996,32549200,161.875107
"282",163.039993,167.539993,162.880005,167.369995,40644900,164.85965
"283",169.789993,173.089996,169,172.990005,51147200,170.39537
"284",172.360001,174.820007,171.770004,172.429993,40176100,169.843765
"285",172.050003,174.259995,171.419998,171.850006,33930500,169.272461
"286",172.830002,174.119995,171.009995,171.070007,37471600,168.504166
"287",171.800003,173.949997,171.710007,172.5,30991900,169.912704
"288",173.669998,175.649994,173.539993,175.5,33812400,172.867706
"289",176.350006,179.389999,176.210007,178.970001,38162200,176.285675
"290",179.100006,180.479996,178.160004,178.389999,38928100,175.714386
"291",179.259995,180.619995,178.050003,178.119995,37782100,175.44841
"292",178.539993,179.779999,172.660004,175,48802000,172.375214
"293",172.800003,176.300003,172.449997,176.210007,38454000,173.567078
"294",175.210007,177.740005,174.520004,176.820007,28401400,174.167923
"295",177.910004,178.25,176.130005,176.669998,23788500,174.020172
"296",174.940002,175.850006,174.270004,175.029999,31703500,172.40477
"297",175.479996,177.119995,175.070007,176.940002,23774100,174.286118
"298",177.960007,180,177.389999,179.979996,32185200,177.280518
"299",180.289993,182.389999,180.210007,181.720001,32207100,178.994415
"300",182.589996,183.5,179.240005,179.970001,31693500,177.27066
"301",180.320007,180.520004,177.809998,178.440002,29368400,175.763611
"302",178.5,180.240005,178.070007,178.649994,22743800,175.970459
"303",178.649994,179.119995,177.619995,178.020004,39404700,175.349915
"304",177.320007,177.470001,173.660004,175.300003,33446800,172.670731
"305",175.240005,176.800003,174.940002,175.240005,19649400,172.611618
"306",175.039993,175.089996,171.259995,171.270004,36338100,168.701157
"307",170,172.679993,168.600006,168.850006,41490800,166.317459
"308",168.389999,169.919998,164.940002,164.940002,41028800,162.466095
"309",168.070007,173.100006,166.440002,172.770004,37541200,170.17868
"310",173.679993,175.149994,166.919998,168.339996,40922600,165.815109
"311",167.25,170.020004,165.190002,166.479996,41668500,163.983002
"312",167.809998,171.75,166.899994,167.779999,38398500,165.263504
"313",166.639999,168.940002,164.470001,166.679993,37586800,164.180008
"314",167.639999,168.75,164.880005,168.389999,30278000,165.864349
"315",164.880005,172.009995,164.770004,171.610001,34605500,169.036072
"316",172.580002,174.229996,172.080002,172.800003,26933200,170.208206
"317",170.970001,172.479996,168.199997,168.380005,35005300,165.854523
"318",169.880005,173.089996,169.850006,170.050003,29017700,167.499466
"319",173,174,171.529999,173.25,28408600,170.651459
"320",172.229996,173.919998,171.699997,172.440002,22431600,169.853622
"321",173.410004,175,173.039993,174.139999,22889300,171.528107
"322",174.779999,175.839996,173.850006,174.729996,25124300,172.109268
"323",175.029999,176.190002,174.830002,175.820007,21578400,173.182922
"324",176.490005,178.940002,176.410004,178.240005,26509000,175.56662
"325",177.809998,178.820007,176.880005,177.839996,20754500,175.172607
"326",173.759995,175.389999,172.660004,172.800003,34808800,170.208206
"327",170.600006,171.220001,165.429993,165.720001,65491100,163.23439
"328",166.830002,166.919998,164.089996,165.240005,36515500,162.761597
"329",165.669998,166.330002,161.220001,162.940002,33692000,160.496109
"330",162.619995,165.419998,162.410004,163.649994,28382100,161.19545
"331",164.119995,165.729996,163.369995,164.220001,27963000,161.756912
"332",164,164.330002,160.630005,162.320007,35655800,159.885406
"333",162.130005,167.259995,161.839996,165.259995,42427400,162.781296
"334",166.410004,169.199997,165.270004,169.100006,53569400,166.563705
"335",175.229996,177.75,173.800003,176.570007,66539400,173.921677
"336",175.880005,177.5,174.440002,176.889999,34068200,174.236862
"337",178.25,184.25,178.169998,183.830002,56201300,181.072769
"338",185.179993,187.669998,184.75,185.160004,42451400,182.382813
"339",184.990005,186.220001,183.669998,186.050003,28402800,183.259476
"340",186.550003,187.399994,185.220001,187.360001,23211200,184.549835
"341",187.740005,190.369995,187.649994,190.039993,27989300,187.189621
"342",189.490005,190.059998,187.449997,188.589996,26212200,186.477692
"343",189.009995,189.529999,187.860001,188.149994,20778800,186.042618
"344",186.779999,187.070007,185.100006,186.440002,23695200,184.351776
"345",186.070007,188.460007,186,188.179993,19183100,186.072266
"346",188,188.910004,186.360001,186.990005,17294000,184.895615
"347",187.190002,187.809998,186.130005,186.309998,18297700,184.223236
"348",188,189.270004,186.910004,187.630005,18400800,185.528442
"349",188.380005,188.880005,186.779999,187.160004,15240700,185.063721
"350",186.350006,188.5,185.759995,188.360001,20058400,186.250259
"351",188.770004,188.839996,186.210007,188.149994,23234000,186.042618
"352",188.229996,189.649994,187.649994,188.580002,17461000,186.467804
"353",187.600006,188.75,186.869995,187.899994,22514100,185.795425
"354",187.720001,188,186.779999,187.5,18690500,185.399887
"355",187.220001,188.229996,186.139999,186.869995,27482800,184.776947
"356",187.990005,190.259995,187.75,190.240005,23442500,188.109222
"357",191.639999,193.419998,191.350006,191.830002,26266200,189.681396
"358",193.070007,193.940002,192.360001,193.309998,21566000,191.144821
"359",193.630005,194.080002,191.919998,193.979996,20933600,191.807312
"360",194.139999,194.199997,192.339996,193.460007,21347200,191.293152
"361",191.169998,192,189.770004,191.699997,26656800,189.552856
"362",191.350006,191.970001,190.210007,191.229996,18308500,189.088135
"363",191.389999,192.610001,191.149994,192.279999,16911100,190.126358
"364",192.419998,192.880005,190.440002,190.699997,21638400,188.564056
"365",191.550003,191.570007,190.220001,190.800003,21610100,188.662933
"366",190.029999,190.160004,188.259995,188.839996,61719200,186.724884
"367",187.880005,189.220001,187.199997,188.740005,18484900,186.626022
"368",185.139999,186.330002,183.449997,185.690002,33578500,183.610168
"369",186.350006,187.199997,185.729996,186.5,20628700,184.411102
"370",187.25,188.350006,184.940002,185.460007,25711900,183.382751
"371",186.119995,186.149994,184.699997,184.919998,27200400,182.848785
"372",183.399994,184.919998,180.729996,182.169998,31663100,180.129608
"373",182.990005,186.529999,182.539993,184.429993,24569200,182.364288
"374",185.229996,187.279999,184.029999,184.160004,25285300,182.097321
"375",184.100006,186.210007,183.800003,185.5,17365200,183.422302
"376",186.289993,187.190002,182.910004,185.110001,22737700,183.036682
"377",183.820007,187.300003,183.419998,187.179993,17731300,185.083466
"378",187.789993,187.949997,183.539993,183.919998,13954800,181.859985
"379",185.259995,186.410004,184.279999,185.399994,16604200,183.32341
"380",185.419998,188.429993,185.199997,187.970001,17485200,185.864655
"381",189.5,190.679993,189.300003,190.580002,19756600,188.445404
"382",190.710007,191.279999,190.179993,190.350006,15939100,188.217972
"383",188.5,189.779999,187.610001,187.880005,18831500,185.77565
"384",189.529999,191.410004,189.309998,191.029999,18041100,188.890366
"385",191.080002,191.839996,190.899994,191.330002,12513900,189.187012
"386",191.520004,192.649994,190.419998,190.910004,15043100,188.771713
"387",189.75,191.869995,189.199997,191.449997,15534500,189.305664
"388",191.779999,191.800003,189.929993,190.399994,16393400,188.26741
"389",189.690002,192.550003,189.690002,191.880005,20286800,189.73085
"390",191.779999,192.429993,190.169998,191.440002,20676200,189.295776
"391",190.679993,191.960007,189.559998,191.610001,15989400,189.463867
"392",192.449997,193.660004,192.050003,193,18697900,190.838303
"393",193.059998,194.850006,192.429993,194.820007,16709900,192.637924
"394",194.610001,195.960007,193.610001,194.210007,19076000,192.03476
"395",194.990005,195.190002,190.100006,190.979996,24024000,188.840912
"396",191.899994,192.199997,189.070007,189.910004,21029500,187.782913
"397",190.300003,192.139999,189.339996,190.289993,39373000,188.158646
"398",199.130005,201.759995,197.309998,201.5,67935700,199.243088
"399",200.580002,208.380005,200.350006,207.389999,62404000,205.067123
"400",207.029999,208.740005,205.479996,207.990005,33447400,205.660416
"401",208,209.25,207.070007,209.070007,25425400,206.728317
"402",209.320007,209.5,206.759995,207.110001,25587400,204.790268
"403",206.050003,207.809998,204.520004,207.25,22525500,204.928696
"404",207.279999,209.779999,207.199997,208.880005,23469200,206.540436
"405",207.360001,209.100006,206.669998,207.529999,24611200,205.925232
"406",207.699997,210.949997,207.699997,208.869995,25869100,207.254883
"407",210.160004,210.559998,208.259995,209.75,20748000,208.128067
"408",209.220001,210.740005,208.330002,210.240005,28807600,208.614273
"409",211.75,213.809998,211.470001,213.320007,28500400,211.670471
"410",213.440002,217.949997,213.160004,217.580002,35427000,215.897522
"411",218.100006,219.179993,215.110001,215.460007,30287700,213.79393
"412",216.800003,217.190002,214.029999,215.039993,26159800,213.377167
"413",214.100006,216.360001,213.839996,215.050003,19018100,213.387085
"414",214.649994,217.050003,214.600006,215.490005,18883200,213.823685
"415",216.600006,216.899994,215.110001,216.160004,18476400,214.488495
"416",217.149994,218.740005,216.330002,217.940002,20525100,216.254745
"417",219.009995,220.539993,218.919998,219.699997,22776800,218.001129
"418",220.149994,223.490005,219.410004,222.979996,27254800,221.255753
"419",223.25,228.259995,222.399994,225.029999,48793800,223.289917
"420",226.509995,228.869995,226,227.630005,43340100,225.869812
"421",228.410004,229.179993,226.630005,228.360001,27390100,226.594162
"422",228.990005,229.669998,225.100006,226.869995,33333000,225.115677
"423",226.229996,227.350006,221.300003,223.100006,34290000,221.374847
"424",221.850006,225.369995,220.710007,221.300003,37619800,219.58876
"425",220.949997,221.850006,216.470001,218.330002,39516500,216.641724
"426",218.009995,224.300003,216.559998,223.850006,35749000,222.119049
"427",224.940002,225,219.839996,221.070007,49278700,219.36055
"428",223.520004,228.350006,222.570007,226.410004,41706400,224.659256
"429",225.75,226.839996,222.520004,223.839996,31999300,222.1091
"430",222.149994,222.949997,217.270004,217.880005,37195100,216.195206
"431",217.789993,221.850006,217.119995,218.240005,31571700,216.552414
"432",218.5,219.619995,215.300003,218.369995,27123800,216.681412
"433",220.240005,222.279999,219.149994,220.029999,26608800,218.328583
"434",220.779999,221.360001,217.289993,217.660004,96246700,215.976913
"435",216.820007,221.259995,216.630005,220.789993,27693400,219.082687
"436",219.75,222.820007,219.699997,222.190002,24554400,220.471878
"437",221,223.75,219.759995,220.419998,23984700,218.715561
"438",223.820007,226.440002,223.539993,224.949997,30181200,223.210526
"439",224.789993,225.839996,224.020004,225.740005,22929400,223.994431
"440",227.949997,229.419998,226.350006,227.259995,23600800,225.50267
"441",227.25,230,226.630005,229.279999,24788200,227.50705
"442",230.050003,233.470001,229.779999,232.070007,28654800,230.275482
"443",230.779999,232.350006,226.729996,227.990005,32042000,226.227036
"444",227.960007,228.410004,220.580002,224.289993,33580500,222.555634
"445",222.210007,224.800003,220.199997,223.770004,29663900,222.039658
"446",223.639999,227.270004,222.25,226.869995,26891000,225.115677
"447",225.460007,226.350006,216.050003,216.360001,41990600,214.686966
"448",214.520004,219.5,212.320007,214.449997,53124400,212.791718
"449",220.419998,222.880005,216.839996,222.110001,40337900,220.392502
"450",221.160004,221.830002,217.270004,217.360001,30791000,215.67923
"451",218.929993,222.990005,216.759995,222.149994,29184000,220.432175
"452",222.300003,222.639999,219.339996,221.190002,22885400,219.479614
"453",217.860001,219.740005,213,216.020004,32581300,214.349579
"454",218.059998,221.259995,217.429993,219.309998,33078700,217.614151
"455",219.789993,223.360001,218.940002,220.649994,28792100,218.943771
"456",215.830002,223.25,214.699997,222.729996,38767800,221.00769
"457",222.600006,224.229996,214.539993,215.089996,40925500,213.426773
"458",217.710007,221.380005,216.75,219.800003,29855800,218.100357
"459",215.899994,220.190002,212.669998,216.300003,47258400,214.627411
"460",219.190002,219.690002,206.089996,212.240005,45935500,210.598831
"461",211.149994,215.179993,209.270004,213.300003,36660000,211.65062
"462",216.880005,220.449997,216.619995,218.860001,38358900,217.167618
"463",219.050003,222.360001,216.809998,222.220001,58323200,220.501633
"464",209.550003,213.649994,205.429993,207.479996,91328700,205.87561
"465",204.300003,204.389999,198.169998,201.589996,66163700,200.031158
"466",201.919998,204.720001,201.690002,203.770004,31882900,202.194321
"467",205.970001,210.059998,204.130005,209.949997,33424400,208.326508
"468",209.979996,210.119995,206.75,208.490005,25362600,207.599655
"469",205.550003,206.009995,202.25,204.470001,34365800,203.596817
"470",199,199.850006,193.789993,194.169998,51135500,193.34079
"471",191.630005,197.179993,191.449997,192.229996,46882900,191.409073
"472",193.899994,194.479996,185.929993,186.800003,60801000,186.002274
"473",188.389999,191.970001,186.899994,191.410004,46478800,190.59259
"474",190.5,194.970001,189.460007,193.529999,36928300,192.703537
"475",190,190.699997,184.990005,185.860001,41925300,185.066284
"476",178.369995,181.470001,175.509995,176.979996,67825200,176.224197
"477",179.729996,180.270004,176.550003,176.779999,31124200,176.025055
"478",174.940002,176.600006,172.100006,172.289993,23624000,171.55423
"479",174.240005,174.949997,170.259995,174.619995,44998500,173.874283
"480",171.509995,174.770004,170.880005,174.240005,41387400,173.495911
"481",176.729996,181.289993,174.929993,180.940002,46062500,180.167297
"482",182.660004,182.800003,177.699997,179.550003,41770000,178.783234
"483",180.289993,180.330002,177.029999,178.580002,39531500,177.817383
"484",184.460007,184.940002,181.210007,184.820007,40802500,184.030731
"485",180.949997,182.389999,176.270004,176.690002,41344300,175.935455
"486",171.759995,174.779999,170.419998,174.720001,43098400,173.973862
"487",173.490005,174.490005,168.300003,168.490005,42281600,167.770477
"488",165,170.089996,163.330002,169.600006,62026000,168.875732
"489",171.660004,171.789993,167,168.630005,47281700,167.909866
"490",170.399994,171.919998,169.020004,169.100006,35627700,168.377869
"491",170.490005,172.570007,169.550003,170.949997,31898600,170.219955
"492",169,169.080002,165.279999,165.479996,40703700,164.773315
"493",165.449997,168.350006,162.729996,163.940002,44287900,163.239899
"494",165.380005,167.529999,164.389999,166.070007,33841500,165.360809
"495",166,167.449997,159.089996,160.889999,49047300,160.202927
"496",160.399994,162.110001,155.300003,156.830002,64773000,156.160263
"497",156.860001,158.160004,149.630005,150.729996,95744600,150.086304
"498",148.149994,151.550003,146.589996,146.830002,37169200,146.202972
"499",148.300003,157.229996,146.720001,157.169998,58582500,156.49881
"500",155.839996,156.770004,150.070007,156.149994,53117100,155.483154
"501",157.5,158.520004,154.550003,156.229996,42291400,155.56282
"502",158.529999,159.360001,156.479996,157.740005,35003500,157.066376
"503",154.889999,158.850006,154.229996,157.919998,37039700,157.245605
"504",143.979996,145.720001,142,142.190002,91312200,141.582779
"505",144.529999,148.550003,143.800003,148.259995,58607100,147.626846
"506",148.699997,148.830002,145.899994,147.929993,54777800,147.298264
"507",149.559998,151.820007,148.520004,150.75,41025300,150.106216
"508",151.289993,154.529999,149.630005,153.309998,45099100,152.655289
"509",152.5,153.970001,150.860001,153.800003,35780700,153.143204
"510",152.880005,153.699997,151.509995,152.289993,27023200,151.639633
"511",150.850006,151.270004,149.220001,150,32439200,149.359421
"512",150.270004,153.389999,150.050003,153.070007,28710900,152.416321
"513",153.080002,155.880005,153,154.940002,30569700,154.278336
"514",154.199997,157.660004,153.259995,155.860001,29821200,155.194397
"515",157.5,157.880005,155.979996,156.820007,33751000,156.150314
"516",156.410004,156.729996,152.619995,153.300003,30394000,152.64534
"517",154.149994,155.139999,151.699997,153.919998,23130600,153.26268
"518",154.110001,154.479996,151.740005,152.699997,25441500,152.047897
"519",155.479996,158.130005,154.320007,157.759995,33535500,157.086288
"520",155.789993,156.330002,153.660004,156.300003,26192100,155.632523
"521",156.25,158.130005,154.110001,154.679993,41587200,154.01944
"522",163.25,166.149994,160.229996,165.25,61109800,164.544296
"523",166.110001,169,164.559998,166.440002,40739600,165.729218
"524",166.960007,168.979996,165.929993,166.520004,32668100,165.808884
"525",167.410004,171.660004,167.279999,171.25,31495500,170.518677
"526",172.860001,175.080002,172.350006,174.179993,36101600,173.436157
"527",174.649994,175.570007,172.850006,174.240005,28239600,173.495911
"528",172.399994,173.940002,170.339996,170.940002,31741700,170.210007
"529",168.990005,170.660004,168.419998,170.410004,23820000,170.410004
"530",171.050003,171.210007,169.25,169.429993,20993400,169.429993
"531",170.100006,171,169.699997,170.889999,22283500,170.889999
"532",171.389999,172.479996,169.919998,170.179993,22490200,170.179993
"533",169.710007,171.259995,169.380005,170.800003,21835700,170.800003
"534",171.25,171.699997,169.75,170.419998,24626800,170.419998
"535",169.710007,171.440002,169.490005,170.929993,18972800,170.929993
"536",171.190002,173.320007,170.990005,172.029999,26114400,172.029999
"537",171.800003,172.369995,170.300003,171.059998,17249700,171.059998
"538",171.580002,173,171.380005,172.970001,18913200,172.970001
"539",174.160004,175.869995,173.949997,174.229996,21873400,174.229996
"540",173.710007,175.300003,173.169998,174.330002,17070200,174.330002
"541",173.210007,175,172.729996,174.869995,27835400,174.869995
"542",174.320007,174.910004,172.919998,173.149994,28215400,173.149994
"543",174.279999,175.149994,172.889999,174.970001,25886200,174.970001
"544",175.690002,177.75,173.970001,175.850006,27436200,175.850006
"545",175.940002,176,174.539993,175.529999,19737400,175.529999
"546",174.669998,175.490005,173.940002,174.520004,20810400,174.520004
"547",173.869995,174.440002,172.020004,172.5,24796400,172.5
"548",170.320007,173.070007,169.5,172.910004,23999400,172.910004
"549",175.490005,179.119995,175.350006,178.899994,32011000,178.899994
"550",180,182.669998,179.369995,180.910004,32467600,180.910004
"551",182.25,183.300003,180.919998,181.710007,31032500,181.710007
"552",183.899994,184.100006,182.559998,183.729996,23579500,183.729996
"553",184.850006,187.330002,183.740005,186.119995,39042900,186.119995
"554",185.800003,188.389999,185.789993,188.020004,26219800,188.020004
"555",188.350006,188.990005,185.919998,186.529999,31646400,186.529999
"556",186.229996,189.490005,184.729996,188.160004,31035200,188.160004
"557",190.020004,196.330002,189.809998,195.089996,51034200,195.089996
"558",195.339996,197.690002,190.779999,191.050003,42359300,191.050003
